{"cameraMode":{"drawMode":0,"name":"Shaded","section":"Shading Mode"},"sceneLighting":true,"audioPlay":false,"sceneViewState":{"showFog":true,"showMaterialUpdate":false,"showSkybox":true,"showFlares":true,"showImageEffects":true,"showParticleSystems":true,"showVisualEffectGraphs":true,"m_FxEnabled":true},"in2DMode":false,"pivot":{"x":0.019116193056106569,"y":1.4469608068466187,"z":0.9653667211532593},"rotation":{"x":-0.10799291729927063,"y":0.593819797039032,"z":-0.08084508776664734,"w":-0.7932507991790772},"size":1.1326360702514649,"orthographic":false}